geo_id,outcome_count_for_model,population,model_inclusion_flag,ambientalagua_kernel_intensity,ambientalagua_nearest_source_m,ambientalagua_count_within_10000m,ambientalladrilleras_kernel_intensity,ambientalladrilleras_nearest_source_m,ambientalminasmetales_kernel_intensity,ambientalminasmetales_nearest_source_m,ambientalretc_kernel_intensity,ambientalretc_nearest_source_m,ambientalretc_count_within_5000m,ambientalretc_count_within_10000m,control_age_share_female_60plus_z,control_age_share_female_15_49_z
24042,4.0,6875,1,0.0003316698211633349,80426.70093831643,0,0.0009845462224506002,56142.00255655006,9.792485804718565e-06,266142.22864105843,0.014509637099277545,34384.53190204668,0,0,0.41623523014250935,-0.6173072406913804
24046,6.0,9213,1,0.0011091639728167447,33805.402042702546,0,0.006137463356450962,13290.559142530486,3.8305094732491627e-05,41240.70906804446,0.043023794296726176,33717.33179893075,0,0,-1.2248307612849931,0.8605812285251575
24002,3.0,3998,1,0.0005981576443414525,52086.944624544136,0,0.0020918889996442754,51118.76204507585,1.6113800005474518e-05,151286.15562989478,0.019033305907200083,41420.28370436921,0,0,0.3834357357976138,-0.6272120478870177
24003,10.0,24346,1,0.0004260746066107558,56890.55804891255,0,0.0013047236303172622,30406.653528600862,1.1737587514778882e-05,214441.11249240485,0.017822343659581533,26761.2124302022,0,0,-1.031041985961564,0.3368435325252242
24004,3.0,2016,1,0.0012898832223394022,24286.74273071908,0,0.00426306522948058,36081.70818569154,4.21873973497215e-05,39386.24430053785,0.05328239793437034,20649.01288991858,0,0,2.1043431771340555,-1.2193974491991804
24018,2.0,7852,1,0.0003705691581666155,79787.02997055522,0,0.001149337294634899,51542.69851990047,1.0734849263226325e-05,235079.54414302687,0.022003034690405297,3023.1677620073074,22,22,-0.23219527079273983,0.17619543133821217
24019,5.0,2723,1,0.000522010206982449,61440.09795646667,0,0.0018627707909784717,61232.4488029269,1.400688702869545e-05,166266.92988426908,0.017283040782689205,36311.70285474511,0,0,2.3961743183336686,-1.3393010099342153
24020,75.0,52548,1,0.0009118767388200124,6922.388676943255,1,0.0012586049625997052,39311.31437726484,3.2077032614440294e-05,74919.5967257227,0.015121866235581007,19632.466117368407,0,0,-0.7409999228402792,1.147698490924473
24044,3.0,3751,1,0.0006038187269324152,27686.645840202335,0,0.0009174724550396764,42379.65589204458,2.077361503236927e-05,121013.95512254906,0.009971081900951658,61857.85007063641,0,0,-0.6529588745438583,-0.5969782967537763
24045,11.0,7172,1,0.0014981133082571636,1358.1559238377035,1,0.00515513287922791,503.055731024991,8.732812982650991e-05,25169.74199787547,0.043001555531679614,1019.8951879120804,23,23,0.6303946356585345,-0.3286813302600218
24049,10.0,20122,1,0.0005945689467760767,20799.35927097101,0,0.0014396686755836436,44502.32386471419,2.938662195912156e-05,87900.62800934828,0.014351186301403935,79773.6702333988,0,0,-1.071474422880787,0.4008275549829533
24050,16.0,26749,1,0.0017271610668672078,7549.110366162979,2,0.006653174736241553,6601.407685510916,3.860948190416371e-05,38690.380969756,0.06698245620730914,5842.976737106617,0,30,-1.6277150739214046,1.4338599372834202
24052,5.0,5169,1,0.0008364146024861664,36838.102661432196,0,0.002939608736634928,44277.33754331203,2.503187558295822e-05,87806.34654245095,0.027240540669120798,30091.41259081387,0,0,1.3494031866572616,-1.5538594455006247
24053,8.0,16627,1,0.00034096597907294987,93167.61141765853,0,0.001055632770571151,65134.05462187174,1.0117989528322783e-05,251100.82612310522,0.016624314870662467,17955.644569494183,0,0,-0.014964913077500249,-0.2127095404584723
24054,15.0,25311,1,0.000357929727208032,96431.64306300854,0,0.0011331490533602615,68309.52653281763,1.0554119867185692e-05,236821.21186289846,0.015425309618021302,20233.202092259176,0,0,-0.35619761266194083,-0.41059624942469025
24055,4.0,13904,1,0.001422799918838748,20247.068343381983,0,0.0058428104191527675,20833.460939995723,3.942928327973507e-05,38834.18792024803,0.070772914743033,11964.731096392095,0,0,-1.537327286966495,1.7283797734029365
24034,7.0,7534,1,0.00034074659996563447,66484.6717674469,0,0.0009721680382011662,48690.893323649536,9.866470373593245e-06,268539.9111049794,0.014531946308589479,32220.940328318222,0,0,-0.13615123789225173,0.3440125864588308
24014,7.0,7897,1,0.00035717836573057044,82007.87965948289,0,0.0010983949238176345,53887.79234652882,1.043035358057931e-05,243648.20604869837,0.0177528545739534,7699.731596020539,0,22,0.9540070827834567,-0.9783863154093455
24033,2.0,5506,1,0.0005299733945738866,74767.47470138864,0,0.0012489613950341905,69047.44464976463,3.6595675875217e-05,63307.98771313927,0.013048439031224159,63695.160671238875,0,0,0.43098680257406524,-0.8390172553462167
24001,7.0,10029,1,0.0010751033236148352,26883.244750903737,0,0.003408615376787053,41746.2905115601,4.5814185807688794e-05,45382.491041548354,0.03470974212444725,37075.733201337905,0,0,-0.31444000197879696,0.49951411502495996
24051,15.0,7803,1,0.0009977797646709987,19961.573724140955,0,0.0026739931745576777,57787.81557438032,4.0480878354735366e-05,65577.11158785677,0.030139246687776115,12901.50689100748,0,0,0.4887390240489864,-0.20006086240489515
24032,18.0,20722,1,0.0011474154951700583,10940.409091116182,0,0.003839830519544308,39064.88923464286,2.603332873607915e-05,67683.78581889758,0.03725759653941292,21706.13681575112,0,0,-0.44983491022134536,0.7789246771936665
24027,7.0,5274,1,0.0006203993011022865,42414.40973421838,0,0.002345481648446119,44960.68505109364,1.57057314531353e-05,140047.60673363606,0.018797668570775916,44407.03351526248,0,0,1.2693095651538373,-0.9386543376577476
24025,17.0,16233,1,0.0006967166366958097,22672.726838675684,0,0.0018411907328049052,24453.140402174737,3.883216534254654e-05,66633.67392895106,0.018419170973145833,55553.0083877394,0,0,-1.0676605519812212,0.8095823797994695
24056,6.0,8888,1,0.0012356192164991258,5322.570629185708,1,0.0027451600173525404,45253.74668614797,4.536157860875225e-05,61568.410035671055,0.03072249714488224,21676.748138290226,0,0,-1.309607470244756,0.9552729894276121
24057,7.0,14885,1,0.0003260687107612395,105207.47945340569,0,0.0010155394862638644,77219.80042307453,9.815699504607287e-06,258724.32400175778,0.018666211259127548,8988.277097564802,0,34,-0.5325064207480953,-0.4734831301344207
24048,3.0,2664,1,0.0009791252630184735,17599.12642189436,0,0.0011895414934178334,19153.403511987817,3.1466228980603975e-05,76027.21534477826,0.015229248721751383,12516.352497522186,0,0,-0.4879921530021558,0.3791457341984555
24015,5.0,11158,1,0.0007486824619318433,34671.55897695376,0,0.001707586631438308,11025.832232323988,0.00019663671074686154,10438.802069373194,0.019509561903898045,10506.178618846943,0,0,-0.013965409667766658,0.011360243664347998
24013,190.0,93009,1,0.0007013131464017994,10961.577021471236,0,0.0012994432413410625,19490.002123806837,1.2315336300355575e-05,213103.16455921074,0.023329064468587783,11385.436062376439,0,0,-0.18217502319210674,1.0910243561356263
24043,5.0,4246,1,0.000970126438476887,14768.08254834643,0,0.0032694604039292382,51542.1874325729,2.2771760747294426e-05,81128.24966872843,0.030422908040947924,35280.32188619668,0,0,0.9309059787345095,-0.45894412503446497
24012,7.0,10299,1,0.00038266638239880765,67375.27338469622,0,0.0011626901767702428,39132.494870899805,1.08816812873201e-05,233715.1233846537,0.01771295825015189,10293.621069110292,0,0,-0.08329160136783009,-0.246791359814144
24011,31.0,24663,1,0.0011697878697700794,6816.303433508884,1,0.004400491885806971,19200.88161337568,2.3212726411767493e-05,87209.99452147236,0.028504200561070708,23282.70126567224,0,0,-0.4602513158719593,0.8444480441652573
24010,19.0,15325,1,0.0005826926180850732,70162.93811502984,0,0.001863759206869088,70272.92448734424,1.811289814576195e-05,143698.5977239526,0.018481030767412983,41648.740447400014,0,0,0.05537607142035765,-0.6068792670142196
24009,2.0,2497,1,0.0021324622641112462,8221.443111971343,4,0.006315235918734778,18280.328323701935,6.138826025046299e-05,22201.756919470394,0.09882093961691368,4996.710287954617,24,47,-0.8902562843503941,1.3365720454550207
24008,21.0,11293,1,0.0008109661489361274,56840.322825201925,0,0.0026147015528697063,64964.04523928591,2.7564559130985546e-05,84349.57197998521,0.029100867908046186,11415.570714636931,0,0,0.9642970294392961,-0.44675726945431105
24007,6.0,10164,1,0.0008306337828677057,13433.851302177562,0,0.0010433056251515172,14459.844577173912,2.290557698415171e-05,108751.66511821076,0.01147683682870624,32283.240206671133,0,0,-0.864516869504912,0.5443883088593905
24041,7.0,9097,1,0.00037398553734638887,60171.984480057225,0,0.0010954106051026748,34095.0551594594,1.0552234745466585e-05,245396.9416455228,0.01672999268188022,26322.712310575946,0,0,-0.3669311630318227,0.27575447374243156
24040,17.0,18859,1,0.00042234027553770224,33885.9719457955,0,0.0010553384700379797,33973.14268644464,1.0768719586946322e-05,249637.3624184286,0.021185531165213014,11904.873481466591,0,0,-0.30443648222804204,0.14154417123694027
24039,6.0,6848,1,0.0003417871541225841,81200.6641987364,0,0.0010306584917722785,54527.16058666722,1.0046298431292877e-05,256514.29076533348,0.015620167316012526,21822.121602512896,0,0,0.0219607834992412,-0.4042999508058656
24038,1.0,7067,1,0.0003235085648763864,97584.1499154783,0,0.0009910875972753645,70478.25444319051,9.711485333475756e-06,264333.0378925375,0.017385733338128664,12441.180823822655,0,0,0.8142325738038413,-1.1075681606619414
24058,13.0,10514,1,0.0004978869052949053,51666.78244230052,0,0.001421153461781728,76005.56214088443,1.487769232334242e-05,183238.66493022375,0.019623377021395168,6149.798921867147,0,22,-0.6777266754999232,0.47220383417086226
24037,32.0,48828,1,0.00031095742408184646,116720.9845828896,0,0.0009702850850388894,88881.41597216192,9.483808712181474e-06,268332.1941392708,0.01866188691880019,8193.99591282073,0,73,-0.6123381387686709,0.41474251069208024
24036,12.0,14438,1,0.0005119770895352391,48377.911846231276,0,0.0016090886713713954,39546.35641874056,1.3608168618536068e-05,182645.8940670263,0.01970246342991903,12382.376543853074,0,0,0.00654771207250577,0.06594702952095648
24035,131.0,170195,1,0.0022725849776807066,4219.036856175161,2,0.006929994252528798,14467.340999734068,7.394483340477304e-05,17880.031289765913,0.0874616448498704,7155.47537720806,0,68,-1.6031208855388799,2.9306037191304073
24006,5.0,4689,1,0.0009193215703670709,9182.98372513302,1,0.0011764730527941214,43753.00428340842,3.7576701746178955e-05,62315.13819146291,0.013007904674698617,45945.64516748671,0,0,0.2684198963835567,-1.1895558080437563
24031,4.0,6246,1,0.0004589593216150104,82171.90119641146,0,0.00154361125425795,62948.41251214825,1.2761780597028446e-05,188371.77153945336,0.016590215589868625,29430.129674963722,0,0,-1.014609547430851,0.3109743122664612
24030,7.0,2408,1,0.0010544852179843274,39861.780700759125,0,0.0037317468945177595,49373.70519983049,3.166718605085405e-05,57715.01491031467,0.04055945880468119,21040.505732973048,0,0,3.598631610267303,-2.8814309849986484
24029,9.0,9361,1,0.0003060458122244889,104793.34477410502,0,0.0009309883414657684,79022.6395370552,9.310522697527551e-06,278278.8655191828,0.015049265930235072,16957.0400989411,0,0,1.762585497192418,-1.9089584920571165
24028,1244.0,471011,1,0.0024581088753625603,6014.804388097255,2,0.010053152563045804,7084.394673208328,0.00010296691321078452,11780.330540869085,0.09422836261337744,3802.323655320584,22,112,-0.5625700657232319,1.8919204238365441
24026,0.0,4678,1,0.00036251885492785116,70234.18181518523,0,0.0010860288884900237,43016.671210000844,1.0433033691776716e-05,246455.85814139064,0.016406921437377493,17113.24516894637,0,0,-0.07856111640334232,-0.1762595420445108
24005,16.0,9582,1,0.0006306942593956137,42363.46779566284,0,0.002353310685664673,41517.95458928562,1.618959176678896e-05,146406.28636973794,0.019434456081287788,36259.657916736636,0,0,0.48990149204933825,-0.10336012343990326
24024,78.0,50900,1,0.0019837129191159633,3248.4590951519053,6,0.015157680372077403,2964.769098136778,1.992773533439204e-05,107867.10291497002,0.027860890472420196,4326.982572707171,5,27,-0.030902043737746628,0.5291202009883011
24023,5.0,7843,1,0.0005773292333715906,49666.36406952674,0,0.002104119324587121,49440.195005840294,1.4991783817372e-05,157050.32285767098,0.018734550541104907,26011.491523378092,0,0,1.1816586785966603,-0.9087510114282659
24022,6.0,9955,1,0.0009371397504016096,25279.899070137984,0,0.0024677171980510442,24994.554253623115,5.49088648096232e-05,48590.499833270704,0.02786636500999878,10614.999221187698,0,0,-0.2527604277423946,0.1859441432922609
24021,28.0,30598,1,0.001731219528769138,4825.8304465074725,1,0.005642383160331341,19607.17429414024,6.302182244458956e-05,22546.52445434538,0.056583242689731965,13776.349854734963,0,0,-0.9670325318944976,1.6165590826344187
24017,0.0,12608,0,0.0007302915065385947,20996.558884541882,0,0.001842446613482473,87852.1066556595,2.9211481828989266e-05,96045.0718977252,0.019999523509788945,47380.7598296517,0,0,0.4334858838313237,-1.1709621646288997
24047,3.0,4646,1,0.0009179098030666443,11536.605548639905,0,0.0015735477329358472,44223.91841620846,4.965651185625371e-05,45507.96239025861,0.017447625343892853,44857.33532371999,0,0,0.7581055477465236,-0.6632002686318637
24016,11.0,20968,1,0.0003486417091117326,55991.99006656998,0,0.0009295205655482534,61937.050402649205,1.0034945780100818e-05,274088.34422203805,0.01330392694057549,38362.10733155525,0,0,0.04420693963369209,0.0954177082433885
