geo_id,population,age_share_female_60plus,age_share_female_15_49,outcome_count,outcome_missing_flag,ambientalagua_kernel_intensity,ambientalagua_nearest_source_m,ambientalagua_count_within_1000m,ambientalagua_count_within_5000m,ambientalagua_count_within_10000m,ambientalladrilleras_kernel_intensity,ambientalladrilleras_nearest_source_m,ambientalladrilleras_count_within_1000m,ambientalladrilleras_count_within_5000m,ambientalladrilleras_count_within_10000m,ambientalminasmetales_kernel_intensity,ambientalminasmetales_nearest_source_m,ambientalminasmetales_count_within_1000m,ambientalminasmetales_count_within_5000m,ambientalminasmetales_count_within_10000m,ambientalretc_kernel_intensity,ambientalretc_nearest_source_m,ambientalretc_count_within_1000m,ambientalretc_count_within_5000m,ambientalretc_count_within_10000m,observed_rate_per_100k,control_age_share_female_60plus_z,control_age_share_female_15_49_z,model_inclusion_flag,outcome_count_for_model,predicted_count,predicted_rate_per_100k
24042,6875,0.16421818181818182,0.4702545454545455,4.0,0,0.0003316698211633349,80426.70093831643,0,0,0,0.0009845462224506002,56142.00255655006,0,0,0,9.792485804718565e-06,266142.22864105843,0,0,0,0.014509637099277545,34384.53190204668,0,0,0,58.18181818181818,0.41623523014250935,-0.6173072406913804,1,4.0,4.27595232131804,62.19567012826236
24046,9213,0.10734831216758928,0.5104743297514381,6.0,0,0.0011091639728167447,33805.402042702546,0,0,0,0.006137463356450962,13290.559142530486,0,0,0,3.8305094732491627e-05,41240.70906804446,0,0,0,0.043023794296726176,33717.33179893075,0,0,0,65.12536633018561,-1.2248307612849931,0.8605812285251575,1,6.0,4.7025771845225925,51.042843639667815
24002,3998,0.1630815407703852,0.46998499249624814,3.0,0,0.0005981576443414525,52086.944624544136,0,0,0,0.0020918889996442754,51118.76204507585,0,0,0,1.6113800005474518e-05,151286.15562989478,0,0,0,0.019033305907200083,41420.28370436921,0,0,0,75.0375187593797,0.3834357357976138,-0.6272120478870177,1,3.0,3.347938808951262,83.74034039397856
24003,24346,0.11406391193625236,0.49622114515731536,10.0,0,0.0004260746066107558,56890.55804891255,0,0,0,0.0013047236303172622,30406.653528600862,0,0,0,1.1737587514778882e-05,214441.11249240485,0,0,0,0.017822343659581533,26761.2124302022,0,0,0,41.074509159615545,-1.031041985961564,0.3368435325252242,1,10.0,10.9570350818332,45.00548378309863
24004,2016,0.22271825396825398,0.4538690476190476,3.0,0,0.0012898832223394022,24286.74273071908,0,0,0,0.00426306522948058,36081.70818569154,0,0,0,4.21873973497215e-05,39386.24430053785,0,0,0,0.05328239793437034,20649.01288991858,0,0,0,148.8095238095238,2.1043431771340555,-1.2193974491991804,1,3.0,3.5047646569782205,173.84745322312597
24018,7852,0.14174732552215996,0.49184921039225676,2.0,0,0.0003705691581666155,79787.02997055522,0,0,0,0.001149337294634899,51542.69851990047,0,0,0,1.0734849263226325e-05,235079.54414302687,0,0,0,0.022003034690405297,3023.1677620073074,0,22,22,25.471217524197655,-0.23219527079273983,0.17619543133821217,1,2.0,8.083651069254023,102.95021738734103
24019,2723,0.23283143591626881,0.4506059493206023,5.0,0,0.000522010206982449,61440.09795646667,0,0,0,0.0018627707909784717,61232.4488029269,0,0,0,1.400688702869545e-05,166266.92988426908,0,0,0,0.017283040782689205,36311.70285474511,0,0,0,183.6210062431142,2.3961743183336686,-1.3393010099342153,1,5.0,5.612491325907368,206.1142609587723
24020,52548,0.12411509477049555,0.5182880414097587,75.0,0,0.0009118767388200124,6922.388676943255,0,0,1,0.0012586049625997052,39311.31437726484,0,0,0,3.2077032614440294e-05,74919.5967257227,0,0,0,0.015121866235581007,19632.466117368407,0,0,0,142.72664992007307,-0.7409999228402792,1.147698490924473,1,75.0,68.26968517883411,129.91871275564088
24044,3751,0.1271660890429219,0.47080778459077577,3.0,0,0.0006038187269324152,27686.645840202335,0,0,0,0.0009174724550396764,42379.65589204458,0,0,0,2.077361503236927e-05,121013.95512254906,0,0,0,0.009971081900951658,61857.85007063641,0,0,0,79.97867235403892,-0.6529588745438583,-0.5969782967537763,1,3.0,2.166331925870595,57.75345043643285
24045,7172,0.17163970998326827,0.47810931399888457,11.0,0,0.0014981133082571636,1358.1559238377035,0,1,1,0.00515513287922791,503.055731024991,2,2,2,8.732812982650991e-05,25169.74199787547,0,0,0,0.043001555531679614,1019.8951879120804,0,23,23,153.37423312883436,0.6303946356585345,-0.3286813302600218,1,11.0,13.737383705670483,191.54188100488693
24049,20122,0.11266275718119471,0.49796242918198985,10.0,0,0.0005945689467760767,20799.35927097101,0,0,0,0.0014396686755836436,44502.32386471419,0,0,0,2.938662195912156e-05,87900.62800934828,0,0,0,0.014351186301403935,79773.6702333988,0,0,0,49.69684921975947,-1.071474422880787,0.4008275549829533,1,10.0,12.722906476911236,63.22883648201593
24050,26749,0.09338666866051068,0.5260757411492019,16.0,0,0.0017271610668672078,7549.110366162979,0,0,2,0.006653174736241553,6601.407685510916,0,0,1,3.860948190416371e-05,38690.380969756,0,0,0,0.06698245620730914,5842.976737106617,0,0,30,59.815320198885935,-1.6277150739214046,1.4338599372834202,1,16.0,13.937332365354894,52.1041248845
24052,5169,0.19655639388663185,0.444766879473786,5.0,0,0.0008364146024861664,36838.102661432196,0,0,0,0.002939608736634928,44277.33754331203,0,0,0,2.503187558295822e-05,87806.34654245095,0,0,0,0.027240540669120798,30091.41259081387,0,0,0,96.73050880247631,1.3494031866572616,-1.5538594455006247,1,5.0,6.12220000681497,118.44070432994725
24053,16627,0.14927527515486858,0.4812654116797979,8.0,0,0.00034096597907294987,93167.61141765853,0,0,0,0.001055632770571151,65134.05462187174,0,0,0,1.0117989528322783e-05,251100.82612310522,0,0,0,0.016624314870662467,17955.644569494183,0,0,0,48.11451253984483,-0.014964913077500249,-0.2127095404584723,1,8.0,8.815502649044973,53.01920159406372
24054,25311,0.13745012050096797,0.4758800521512386,15.0,0,0.000357929727208032,96431.64306300854,0,0,0,0.0011331490533602615,68309.52653281763,0,0,0,1.0554119867185692e-05,236821.21186289846,0,0,0,0.015425309618021302,20233.202092259176,0,0,0,59.262771127177906,-0.35619761266194083,-0.41059624942469025,1,15.0,10.094010960293732,39.879937419674164
24055,13904,0.09651898734177215,0.5340909090909091,4.0,0,0.001422799918838748,20247.068343381983,0,0,0,0.0058428104191527675,20833.460939995723,0,0,0,3.942928327973507e-05,38834.18792024803,0,0,0,0.070772914743033,11964.731096392095,0,0,0,28.768699654775602,-1.537327286966495,1.7283797734029365,1,4.0,7.295097218739761,52.46761520957828
24034,7534,0.14507565702150252,0.4964162463498805,7.0,0,0.00034074659996563447,66484.6717674469,0,0,0,0.0009721680382011662,48690.893323649536,0,0,0,9.866470373593245e-06,268539.9111049794,0,0,0,0.014531946308589479,32220.940328318222,0,0,0,92.91213166976374,-0.13615123789225173,0.3440125864588308,1,7.0,5.603487849440864,74.37600012531013
24014,7897,0.182854248448778,0.4604280106369507,7.0,0,0.00035717836573057044,82007.87965948289,0,0,0,0.0010983949238176345,53887.79234652882,0,0,0,1.043035358057931e-05,243648.20604869837,0,0,0,0.0177528545739534,7699.731596020539,0,0,22,88.64125617323035,0.9540070827834567,-0.9783863154093455,1,7.0,7.530560252010266,95.3597600609126
24033,5506,0.1647293861242281,0.464220849981838,2.0,0,0.0005299733945738866,74767.47470138864,0,0,0,0.0012489613950341905,69047.44464976463,0,0,0,3.6595675875217e-05,63307.98771313927,0,0,0,0.013048439031224159,63695.160671238875,0,0,0,36.32401017072285,0.43098680257406524,-0.8390172553462167,1,2.0,3.310304899341617,60.121774415939306
24001,10029,0.13889719812543624,0.500648120450693,7.0,0,0.0010751033236148352,26883.244750903737,0,0,0,0.003408615376787053,41746.2905115601,0,0,0,4.5814185807688794e-05,45382.491041548354,0,0,0,0.03470974212444725,37075.733201337905,0,0,0,69.79758699770665,-0.31444000197879696,0.49951411502495996,1,7.0,9.119045227076398,90.92676465326944
24051,7803,0.16673074458541587,0.4816096373189799,15.0,0,0.0009977797646709987,19961.573724140955,0,0,0,0.0026739931745576777,57787.81557438032,0,0,0,4.0480878354735366e-05,65577.11158785677,0,0,0,0.030139246687776115,12901.50689100748,0,0,0,192.23375624759709,0.4887390240489864,-0.20006086240489515,1,15.0,11.995645471741291,153.73119917648708
24032,20722,0.13420519254898175,0.5082520992182222,18.0,0,0.0011474154951700583,10940.409091116182,0,0,0,0.003839830519544308,39064.88923464286,0,0,0,2.603332873607915e-05,67683.78581889758,0,0,0,0.03725759653941292,21706.13681575112,0,0,0,86.86420229707556,-0.44983491022134536,0.7789246771936665,1,18.0,26.26529161385825,126.750755785437
24027,5274,0.1937808115282518,0.4615092908608267,7.0,0,0.0006203993011022865,42414.40973421838,0,0,0,0.002345481648446119,44960.68505109364,0,0,0,1.57057314531353e-05,140047.60673363606,0,0,0,0.018797668570775916,44407.03351526248,0,0,0,132.72658323852863,1.2693095651538373,-0.9386543376577476,1,7.0,7.3261217971955785,138.9101592187254
24025,16233,0.11279492392040905,0.5090864288794431,17.0,0,0.0006967166366958097,22672.726838675684,0,0,0,0.0018411907328049052,24453.140402174737,0,0,0,3.883216534254654e-05,66633.67392895106,0,0,0,0.018419170973145833,55553.0083877394,0,0,0,104.72494301731042,-1.0676605519812212,0.8095823797994695,1,17.0,11.055770334272458,68.10675989818547
24056,8888,0.10441044104410441,0.513051305130513,6.0,0,0.0012356192164991258,5322.570629185708,0,0,1,0.0027451600173525404,45253.74668614797,0,0,0,4.536157860875225e-05,61568.410035671055,0,0,0,0.03072249714488224,21676.748138290226,0,0,0,67.50675067506751,-1.309607470244756,0.9552729894276121,1,6.0,6.59367681473787,74.18628279408046
24057,14885,0.13134027544507895,0.47416862613369165,7.0,0,0.0003260687107612395,105207.47945340569,0,0,0,0.0010155394862638644,77219.80042307453,0,0,0,9.815699504607287e-06,258724.32400175778,0,0,0,0.018666211259127548,8988.277097564802,0,0,34,47.027208599261,-0.5325064207480953,-0.4734831301344207,1,7.0,6.519986362431007,43.80239410433999
24048,2664,0.13288288288288289,0.49737237237237236,3.0,0,0.0009791252630184735,17599.12642189436,0,0,0,0.0011895414934178334,19153.403511987817,0,0,0,3.1466228980603975e-05,76027.21534477826,0,0,0,0.015229248721751383,12516.352497522186,0,0,0,112.61261261261261,-0.4879921530021558,0.3791457341984555,1,3.0,2.8810404749317664,108.14716497491612
24015,11158,0.1493099121706399,0.4873633267610683,5.0,0,0.0007486824619318433,34671.55897695376,0,0,0,0.001707586631438308,11025.832232323988,0,0,0,0.00019663671074686154,10438.802069373194,0,0,0,0.019509561903898045,10506.178618846943,0,0,0,44.81089801039613,-0.013965409667766658,0.011360243664347998,1,5.0,5.468513882981753,49.009803575746105
24013,93009,0.14348073842316336,0.5167456912771883,190.0,0,0.0007013131464017994,10961.577021471236,0,0,0,0.0012994432413410625,19490.002123806837,0,0,0,1.2315336300355575e-05,213103.16455921074,0,0,0,0.023329064468587783,11385.436062376439,0,0,0,204.28130611016138,-0.18217502319210674,1.0910243561356263,1,190.0,153.47467861145384,165.0105673767635
24043,4246,0.18205369759773904,0.4745642958078191,5.0,0,0.000970126438476887,14768.08254834643,0,0,0,0.0032694604039292382,51542.1874325729,0,0,0,2.2771760747294426e-05,81128.24966872843,0,0,0,0.030422908040947924,35280.32188619668,0,0,0,117.75788977861517,0.9309059787345095,-0.45894412503446497,1,5.0,7.852064993713801,184.92852081285443
24012,10299,0.1469074667443441,0.48033789688319256,7.0,0,0.00038266638239880765,67375.27338469622,0,0,0,0.0011626901767702428,39132.494870899805,0,0,0,1.08816812873201e-05,233715.1233846537,0,0,0,0.01771295825015189,10293.621069110292,0,0,0,67.967763860569,-0.08329160136783009,-0.246791359814144,1,7.0,6.369279219856353,61.84366656817506
24011,24663,0.13384422008676966,0.5100352755139278,31.0,0,0.0011697878697700794,6816.303433508884,0,0,1,0.004400491885806971,19200.88161337568,0,0,0,2.3212726411767493e-05,87209.99452147236,0,0,0,0.028504200561070708,23282.70126567224,0,0,0,125.69435997242834,-0.4602513158719593,0.8444480441652573,1,31.0,29.956847265941747,121.46473367368836
24010,15325,0.15171288743882544,0.4705383360522023,19.0,0,0.0005826926180850732,70162.93811502984,0,0,0,0.001863759206869088,70272.92448734424,0,0,0,1.811289814576195e-05,143698.5977239526,0,0,0,0.018481030767412983,41648.740447400014,0,0,0,123.98042414355629,0.05537607142035765,-0.6068792670142196,1,19.0,9.344347750839825,60.974536710210955
24009,2497,0.11894273127753303,0.5234281137364838,2.0,0,0.0021324622641112462,8221.443111971343,0,0,4,0.006315235918734778,18280.328323701935,0,0,0,6.138826025046299e-05,22201.756919470394,0,0,0,0.09882093961691368,4996.710287954617,0,24,47,80.0961153384061,-0.8902562843503941,1.3365720454550207,1,2.0,1.4573743872600975,58.36501350661181
24008,11293,0.18321083857256706,0.47489595324537326,21.0,0,0.0008109661489361274,56840.322825201925,0,0,0,0.0026147015528697063,64964.04523928591,0,0,0,2.7564559130985546e-05,84349.57197998521,0,0,0,0.029100867908046186,11415.570714636931,0,0,0,185.95590188612417,0.9642970294392961,-0.44675726945431105,1,21.0,14.612239444859927,129.39200783547258
24007,10164,0.11983471074380166,0.5018693427784336,6.0,0,0.0008306337828677057,13433.851302177562,0,0,0,0.0010433056251515172,14459.844577173912,0,0,0,2.290557698415171e-05,108751.66511821076,0,0,0,0.01147683682870624,32283.240206671133,0,0,0,59.031877213695395,-0.864516869504912,0.5443883088593905,1,6.0,9.34343320843437,91.92673365244362
24041,9097,0.13707815763438497,0.49455864570737607,7.0,0,0.00037398553734638887,60171.984480057225,0,0,0,0.0010954106051026748,34095.0551594594,0,0,0,1.0552234745466585e-05,245396.9416455228,0,0,0,0.01672999268188022,26322.712310575946,0,0,0,76.94844454215675,-0.3669311630318227,0.27575447374243156,1,7.0,5.793970732440499,63.69100508343959
24040,18859,0.13924386234689007,0.4909061986319529,17.0,0,0.00042234027553770224,33885.9719457955,0,0,0,0.0010553384700379797,33973.14268644464,0,0,0,1.0768719586946322e-05,249637.3624184286,0,0,0,0.021185531165213014,11904.873481466591,0,0,0,90.14263746752214,-0.30443648222804204,0.14154417123694027,1,17.0,16.20828944317683,85.9445858379386
24039,6848,0.15055490654205608,0.4760514018691589,6.0,0,0.0003417871541225841,81200.6641987364,0,0,0,0.0010306584917722785,54527.16058666722,0,0,0,1.0046298431292877e-05,256514.29076533348,0,0,0,0.015620167316012526,21822.121602512896,0,0,0,87.61682242990653,0.0219607834992412,-0.4042999508058656,1,6.0,3.7532471122374744,54.807930961411756
24038,7067,0.17801047120418848,0.45691240979199094,1.0,0,0.0003235085648763864,97584.1499154783,0,0,0,0.0009910875972753645,70478.25444319051,0,0,0,9.711485333475756e-06,264333.0378925375,0,0,0,0.017385733338128664,12441.180823822655,0,0,0,14.150275930380644,0.8142325738038413,-1.1075681606619414,1,1.0,4.261014069048383,60.29452482026865
24058,10514,0.12630778010272017,0.49990488871980215,13.0,0,0.0004978869052949053,51666.78244230052,0,0,0,0.001421153461781728,76005.56214088443,0,0,0,1.487769232334242e-05,183238.66493022375,0,0,0,0.019623377021395168,6149.798921867147,0,0,22,123.6446642571809,-0.6777266754999232,0.47220383417086226,1,13.0,10.918912908585709,103.85117851042133
24037,48828,0.12857376914884902,0.49834111575325635,32.0,0,0.00031095742408184646,116720.9845828896,0,0,0,0.0009702850850388894,88881.41597216192,0,0,0,9.483808712181474e-06,268332.1941392708,0,0,0,0.01866188691880019,8193.99591282073,0,0,73,65.5361677725895,-0.6123381387686709,0.41474251069208024,1,32.0,37.244614815139904,76.27716641095256
24036,14438,0.15002077850117745,0.48884887103476937,12.0,0,0.0005119770895352391,48377.911846231276,0,0,0,0.0016090886713713954,39546.35641874056,0,0,0,1.3608168618536068e-05,182645.8940670263,0,0,0,0.01970246342991903,12382.376543853074,0,0,0,83.11400470979359,0.00654771207250577,0.06594702952095648,1,12.0,13.485110035727185,93.40012491845958
24035,170195,0.09423896119157438,0.5668086606539557,131.0,0,0.0022725849776807066,4219.036856175161,0,1,2,0.006929994252528798,14467.340999734068,0,0,0,7.394483340477304e-05,17880.031289765913,0,0,0,0.0874616448498704,7155.47537720806,0,0,68,76.97053379946531,-1.6031208855388799,2.9306037191304073,1,131.0,162.28537919732707,95.35261270738096
24006,4689,0.15909575602473874,0.454681168692685,5.0,0,0.0009193215703670709,9182.98372513302,0,0,1,0.0011764730527941214,43753.00428340842,0,0,0,3.7576701746178955e-05,62315.13819146291,0,0,0,0.013007904674698617,45945.64516748671,0,0,0,106.63254425250587,0.2684198963835567,-1.1895558080437563,1,5.0,4.063150340634117,86.65281170045036
24031,6246,0.11463336535382646,0.49551713096381683,4.0,0,0.0004589593216150104,82171.90119641146,0,0,0,0.00154361125425795,62948.41251214825,0,0,0,1.2761780597028446e-05,188371.77153945336,0,0,0,0.016590215589868625,29430.129674963722,0,0,0,64.04098623118796,-1.014609547430851,0.3109743122664612,1,4.0,2.524045192273887,40.41058585132705
24030,2408,0.2745016611295681,0.40863787375415284,7.0,0,0.0010544852179843274,39861.780700759125,0,0,0,0.0037317468945177595,49373.70519983049,0,0,0,3.166718605085405e-05,57715.01491031467,0,0,0,0.04055945880468119,21040.505732973048,0,0,0,290.69767441860466,3.598631610267303,-2.8814309849986484,1,7.0,5.743472088886015,238.5162827610471
24029,9361,0.21087490652708044,0.4351030872770003,9.0,0,0.0003060458122244889,104793.34477410502,0,0,0,0.0009309883414657684,79022.6395370552,0,0,0,9.310522697527551e-06,278278.8655191828,0,0,0,0.015049265930235072,16957.0400989411,0,0,0,96.14357440444397,1.762585497192418,-1.9089584920571165,1,9.0,7.042558978370392,75.23297701495989
24028,471011,0.13029844313614755,0.5385415627235882,1244.0,0,0.0024581088753625603,6014.804388097255,0,0,2,0.010053152563045804,7084.394673208328,0,0,64,0.00010296691321078452,11780.330540869085,0,0,0,0.09422836261337744,3802.323655320584,0,22,112,264.1127277282271,-0.5625700657232319,1.8919204238365441,1,1244.0,1080.770244276356,229.45753799303114
24026,4678,0.1470713980333476,0.48225737494655835,0.0,0,0.00036251885492785116,70234.18181518523,0,0,0,0.0010860288884900237,43016.671210000844,0,0,0,1.0433033691776716e-05,246455.85814139064,0,0,0,0.016406921437377493,17113.24516894637,0,0,0,0.0,-0.07856111640334232,-0.1762595420445108,1,0.0,2.8818337909760783,61.603971589911936
24005,9582,0.16677102901273222,0.4842412857441035,16.0,0,0.0006306942593956137,42363.46779566284,0,0,0,0.002353310685664673,41517.95458928562,0,0,0,1.618959176678896e-05,146406.28636973794,0,0,0,0.019434456081287788,36259.657916736636,0,0,0,166.97975370486327,0.48990149204933825,-0.10336012343990326,1,16.0,11.58357522207421,120.88890860023182
24024,50900,0.1487229862475442,0.5014538310412574,78.0,0,0.0019837129191159633,3248.4590951519053,0,3,6,0.015157680372077403,2964.769098136778,0,49,49,1.992773533439204e-05,107867.10291497002,0,0,0,0.027860890472420196,4326.982572707171,0,5,27,153.2416502946955,-0.030902043737746628,0.5291202009883011,1,78.0,81.83376709086305,160.77360921584093
24023,7843,0.19074333800841514,0.46232309065408644,5.0,0,0.0005773292333715906,49666.36406952674,0,0,0,0.002104119324587121,49440.195005840294,0,0,0,1.4991783817372e-05,157050.32285767098,0,0,0,0.018734550541104907,26011.491523378092,0,0,0,63.751115644523786,1.1816586785966603,-0.9087510114282659,1,5.0,10.428132822598393,132.96102030598496
24022,9955,0.14103465595178302,0.4921145153189352,6.0,0,0.0009371397504016096,25279.899070137984,0,0,0,0.0024677171980510442,24994.554253623115,0,0,0,5.49088648096232e-05,48590.499833270704,0,0,0,0.02786636500999878,10614.999221187698,0,0,0,60.27122049221497,-0.2527604277423946,0.1859441432922609,1,6.0,8.811215111676933,88.51044813336944
24021,30598,0.11628210994182626,0.5310477809007125,28.0,0,0.001731219528769138,4825.8304465074725,0,1,1,0.005642383160331341,19607.17429414024,0,0,0,6.302182244458956e-05,22546.52445434538,0,0,0,0.056583242689731965,13776.349854734963,0,0,0,91.50924897052094,-0.9670325318944976,1.6165590826344187,1,28.0,25.001367297189454,81.70915516435531
24017,12608,0.16481598984771573,0.45518718274111675,,1,0.0007302915065385947,20996.558884541882,0,0,0,0.001842446613482473,87852.1066556595,0,0,0,2.9211481828989266e-05,96045.0718977252,0,0,0,0.019999523509788945,47380.7598296517,0,0,0,,0.4334858838313237,-1.1709621646288997,0,0.0,14.560476523593035,115.48601303611231
24047,4646,0.17606543263021954,0.4690055962117951,3.0,0,0.0009179098030666443,11536.605548639905,0,0,0,0.0015735477329358472,44223.91841620846,0,0,0,4.965651185625371e-05,45507.96239025861,0,0,0,0.017447625343892853,44857.33532371999,0,0,0,64.57167455876022,0.7581055477465236,-0.6632002686318637,1,3.0,6.982667821029315,150.29418469714417
24016,20968,0.15132582983594048,0.48965089660434946,11.0,0,0.0003486417091117326,55991.99006656998,0,0,0,0.0009295205655482534,61937.050402649205,0,0,0,1.0034945780100818e-05,274088.34422203805,0,0,0,0.01330392694057549,38362.10733155525,0,0,0,52.46089278901182,0.04420693963369209,0.0954177082433885,1,11.0,18.984335001920552,90.5395602914944
