exposure_family,family_features,term,coef,std_err,z,p_value,model_type,ci_lower,ci_upper,exp_coef,note
ambientalagua,"ambientalagua_kernel_intensity, ambientalagua_nearest_source_m, ambientalagua_count_within_10000m",const,-7.0106207306733115,0.057795078673351465,-121.30134419050137,0.0,discrete_negative_binomial_estimated_dispersion,-7.123897003356739,-6.897344457989884,0.0009022483613062244,
ambientalagua,"ambientalagua_kernel_intensity, ambientalagua_nearest_source_m, ambientalagua_count_within_10000m",ambientalagua_kernel_intensity,-0.044332427422096386,0.10011516927498987,-0.4428142882156743,0.6579000676268563,discrete_negative_binomial_estimated_dispersion,-0.24055455350720753,0.15188969866301474,0.95663589260557,coef is per 1 SD increase in standardized feature
ambientalagua,"ambientalagua_kernel_intensity, ambientalagua_nearest_source_m, ambientalagua_count_within_10000m",ambientalagua_nearest_source_m,-0.1562867963098367,0.07640921308699225,-2.045392041034416,0.040816222981492185,discrete_negative_binomial_estimated_dispersion,-0.306046102047388,-0.006527490572285327,0.8553138543347898,coef is per 1 SD increase in standardized feature
ambientalagua,"ambientalagua_kernel_intensity, ambientalagua_nearest_source_m, ambientalagua_count_within_10000m",ambientalagua_count_within_10000m,0.048110758102042954,0.0664829375021765,0.7236557214468436,0.46927712328992655,discrete_negative_binomial_estimated_dispersion,-0.08219340498865027,0.1784149211927362,1.0492868659104866,coef is per 1 SD increase in standardized feature
ambientalagua,"ambientalagua_kernel_intensity, ambientalagua_nearest_source_m, ambientalagua_count_within_10000m",control_age_share_female_60plus_z,0.6651825355931476,0.13131101275001728,5.065702576367191,4.068968041733454e-07,discrete_negative_binomial_estimated_dispersion,0.40781767982963385,0.9225473913566613,1.94484549246396,coef is per 1 SD increase in standardized feature
ambientalagua,"ambientalagua_kernel_intensity, ambientalagua_nearest_source_m, ambientalagua_count_within_10000m",control_age_share_female_15_49_z,0.45344298358867485,0.14649361882377956,3.0953087733748426,0.0019660810482941345,discrete_negative_binomial_estimated_dispersion,0.166320766729128,0.7405652004482217,1.573721164776958,coef is per 1 SD increase in standardized feature
ambientalagua,"ambientalagua_kernel_intensity, ambientalagua_nearest_source_m, ambientalagua_count_within_10000m",alpha,0.06875401908556153,0.024714504625222636,2.7819298880623293,0.005403671244169553,discrete_negative_binomial_estimated_dispersion,0.020314480124376574,0.11719355804674648,,
ambientalladrilleras,"ambientalladrilleras_kernel_intensity, ambientalladrilleras_nearest_source_m",const,-7.015990424200426,0.05889567521630776,-119.12573204114913,0.0,discrete_negative_binomial_estimated_dispersion,-7.1314238264695575,-6.900557021931295,0.0008974165484077689,
ambientalladrilleras,"ambientalladrilleras_kernel_intensity, ambientalladrilleras_nearest_source_m",ambientalladrilleras_kernel_intensity,0.04381004426162736,0.05888961449273434,0.7439349813884847,0.45691581103666756,discrete_negative_binomial_estimated_dispersion,-0.07161147920757996,0.15923156773083466,1.0447838733455854,coef is per 1 SD increase in standardized feature
ambientalladrilleras,"ambientalladrilleras_kernel_intensity, ambientalladrilleras_nearest_source_m",ambientalladrilleras_nearest_source_m,-0.013816277373545259,0.07559663361842527,-0.18276312994680494,0.8549838793239416,discrete_negative_binomial_estimated_dispersion,-0.16198295661812864,0.1343504018710381,0.9862787293370237,coef is per 1 SD increase in standardized feature
ambientalladrilleras,"ambientalladrilleras_kernel_intensity, ambientalladrilleras_nearest_source_m",control_age_share_female_60plus_z,0.6982494689662352,0.12105686379388995,5.767946129474053,8.024344545471182e-09,discrete_negative_binomial_estimated_dispersion,0.46098237584884005,0.9355165620836303,2.0102306544926445,coef is per 1 SD increase in standardized feature
ambientalladrilleras,"ambientalladrilleras_kernel_intensity, ambientalladrilleras_nearest_source_m",control_age_share_female_15_49_z,0.523931766401508,0.12704521353311238,4.123978793305371,3.723831951097498e-05,discrete_negative_binomial_estimated_dispersion,0.274927723468407,0.7729358093346089,1.6886540076077894,coef is per 1 SD increase in standardized feature
ambientalladrilleras,"ambientalladrilleras_kernel_intensity, ambientalladrilleras_nearest_source_m",alpha,0.07690931264984963,0.027236845103503812,2.823723245389967,0.004746935437240849,discrete_negative_binomial_estimated_dispersion,0.02352607719448603,0.13029254810521324,,
ambientalminasmetales,"ambientalminasmetales_kernel_intensity, ambientalminasmetales_nearest_source_m",const,-7.012898522636241,0.05904826134251619,-118.76553793780856,0.0,discrete_negative_binomial_estimated_dispersion,-7.128630988217282,-6.8971660570552,0.0009001955660480945,
ambientalminasmetales,"ambientalminasmetales_kernel_intensity, ambientalminasmetales_nearest_source_m",ambientalminasmetales_kernel_intensity,-0.10612251168015262,0.0792307876679072,-1.339410029911113,0.18043722599528356,discrete_negative_binomial_estimated_dispersion,-0.26141200197599096,0.04916697861568574,0.8993144648006245,coef is per 1 SD increase in standardized feature
ambientalminasmetales,"ambientalminasmetales_kernel_intensity, ambientalminasmetales_nearest_source_m",ambientalminasmetales_nearest_source_m,-0.1394857153623534,0.0823167270004786,-1.694500260700871,0.0901702622012765,discrete_negative_binomial_estimated_dispersion,-0.3008235356085073,0.02185210488380046,0.869805447971304,coef is per 1 SD increase in standardized feature
ambientalminasmetales,"ambientalminasmetales_kernel_intensity, ambientalminasmetales_nearest_source_m",control_age_share_female_60plus_z,0.7305942753296396,0.11587666301568911,6.304930227674237,2.883237523433763e-10,discrete_negative_binomial_estimated_dispersion,0.5034801891702044,0.9577083614890748,2.076314143379893,coef is per 1 SD increase in standardized feature
ambientalminasmetales,"ambientalminasmetales_kernel_intensity, ambientalminasmetales_nearest_source_m",control_age_share_female_15_49_z,0.5705862619289039,0.11343511544997772,5.0300672738374335,4.903077712823493e-07,discrete_negative_binomial_estimated_dispersion,0.34825752106480456,0.7929150027930033,1.7693040230249077,coef is per 1 SD increase in standardized feature
ambientalminasmetales,"ambientalminasmetales_kernel_intensity, ambientalminasmetales_nearest_source_m",alpha,0.07737201417505425,0.02624646330695471,2.9479024762377204,0.003199379785291905,discrete_negative_binomial_estimated_dispersion,0.025929891371870975,0.12881413697823751,,
ambientalretc,"ambientalretc_kernel_intensity, ambientalretc_nearest_source_m, ambientalretc_count_within_5000m, ambientalretc_count_within_10000m",const,-7.0254468201508935,0.056657283975337876,-123.999004668296,0.0,discrete_negative_binomial_estimated_dispersion,-7.136493056204414,-6.914400584097373,0.0008889702210430003,
ambientalretc,"ambientalretc_kernel_intensity, ambientalretc_nearest_source_m, ambientalretc_count_within_5000m, ambientalretc_count_within_10000m",ambientalretc_kernel_intensity,-0.1404417963439045,0.08607339574864076,-1.6316516285012759,0.10275289546888368,discrete_negative_binomial_estimated_dispersion,-0.3091425520383034,0.028258959350494384,0.8689742409387834,coef is per 1 SD increase in standardized feature
ambientalretc,"ambientalretc_kernel_intensity, ambientalretc_nearest_source_m, ambientalretc_count_within_5000m, ambientalretc_count_within_10000m",ambientalretc_nearest_source_m,0.033789686690857454,0.06385123354259713,0.5291939531335023,0.5966709109812474,discrete_negative_binomial_estimated_dispersion,-0.09135643142108875,0.15893580480280367,1.0343670426949967,coef is per 1 SD increase in standardized feature
ambientalretc,"ambientalretc_kernel_intensity, ambientalretc_nearest_source_m, ambientalretc_count_within_5000m, ambientalretc_count_within_10000m",ambientalretc_count_within_5000m,0.09821665633196135,0.07168104803802439,1.370190015635105,0.17062759419916707,discrete_negative_binomial_estimated_dispersion,-0.04227561619665195,0.23870892886057465,1.1032017748682068,coef is per 1 SD increase in standardized feature
ambientalretc,"ambientalretc_kernel_intensity, ambientalretc_nearest_source_m, ambientalretc_count_within_5000m, ambientalretc_count_within_10000m",ambientalretc_count_within_10000m,0.03428587643138609,0.0634942192033902,0.5399842200052669,0.5892079149302547,discrete_negative_binomial_estimated_dispersion,-0.09016050643375018,0.15873225929652235,1.0348804123633715,coef is per 1 SD increase in standardized feature
ambientalretc,"ambientalretc_kernel_intensity, ambientalretc_nearest_source_m, ambientalretc_count_within_5000m, ambientalretc_count_within_10000m",control_age_share_female_60plus_z,0.8038178844004984,0.12297468583922888,6.536449993060936,6.299618774049652e-11,discrete_negative_binomial_estimated_dispersion,0.5627919291454819,1.0448438396555149,2.2340540271585825,coef is per 1 SD increase in standardized feature
ambientalretc,"ambientalretc_kernel_intensity, ambientalretc_nearest_source_m, ambientalretc_count_within_5000m, ambientalretc_count_within_10000m",control_age_share_female_15_49_z,0.686143855436266,0.13293234261300402,5.161602074777131,2.448453216623165e-07,discrete_negative_binomial_estimated_dispersion,0.425601251534239,0.946686459338293,1.986042282019271,coef is per 1 SD increase in standardized feature
ambientalretc,"ambientalretc_kernel_intensity, ambientalretc_nearest_source_m, ambientalretc_count_within_5000m, ambientalretc_count_within_10000m",alpha,0.0579219962081021,0.026017759843792083,2.226248399395633,0.0259975476955556,discrete_negative_binomial_estimated_dispersion,0.006928123955857159,0.10891586846034704,,
