geo_id_1,geo_id_2,centroid_distance_m,artificial_edge,reason
24042,24034,24239.76002636579,False,queen_contiguity
24042,24041,22674.762384117912,False,queen_contiguity
24042,24039,13374.868893655525,False,queen_contiguity
24042,24029,25325.511782456968,False,queen_contiguity
24042,24026,19855.86838905508,False,queen_contiguity
24046,24050,35360.83049803508,False,queen_contiguity
24046,24028,50270.30205320316,False,queen_contiguity
24046,24021,37225.28359912669,False,queen_contiguity
24002,24010,42262.89229617674,False,queen_contiguity
24002,24036,35492.159563702095,False,queen_contiguity
24002,24005,14567.318346182681,False,queen_contiguity
24002,24024,49066.3360025908,False,queen_contiguity
24002,24023,33108.44723506783,False,queen_contiguity
24003,24018,27686.79486694375,False,queen_contiguity
24003,24054,41574.138120952404,False,queen_contiguity
24003,24013,46384.10968965309,False,queen_contiguity
24003,24012,20227.856210726855,False,queen_contiguity
24003,24041,31825.71116762673,False,queen_contiguity
24003,24036,37019.08122234762,False,queen_contiguity
24004,24055,31719.018015129775,False,queen_contiguity
24004,24051,44922.39992861675,False,queen_contiguity
24004,24009,18134.26058529772,False,queen_contiguity
24004,24008,45332.73990426625,False,queen_contiguity
24004,24035,24190.435596490446,False,queen_contiguity
24004,24030,23380.42119248091,False,queen_contiguity
24018,24053,17422.830336147705,False,queen_contiguity
24018,24054,17403.709731069506,False,queen_contiguity
24018,24014,8711.979158441867,False,queen_contiguity
24018,24012,12916.275720578,False,queen_contiguity
24019,24027,32183.2600868042,False,queen_contiguity
24019,24031,22871.624600030555,False,queen_contiguity
24019,24023,25077.041807769907,False,queen_contiguity
24020,24048,26347.118636665848,False,queen_contiguity
24020,24007,51596.020158950036,False,queen_contiguity
24020,24047,39240.01873224573,False,queen_contiguity
24044,24007,34613.723733991275,False,queen_contiguity
24044,24006,58815.420813694975,False,queen_contiguity
24045,24051,58136.09743515704,False,queen_contiguity
24045,24025,61369.165994455616,False,queen_contiguity
24045,24056,45530.575800001825,False,queen_contiguity
24045,24015,35711.30589163303,False,queen_contiguity
24045,24022,24656.760230820284,False,queen_contiguity
24045,24047,54576.81881658942,False,queen_contiguity
24049,24033,56913.624821962236,False,queen_contiguity
24049,24025,35851.27026748878,False,queen_contiguity
24050,24055,38776.82828048548,False,queen_contiguity
24050,24032,48619.07331026512,False,queen_contiguity
24050,24028,50394.75879967257,False,queen_contiguity
24052,24010,56374.165254155574,False,queen_contiguity
24052,24008,20732.066581482653,False,queen_contiguity
24052,24030,32370.220266194287,False,queen_contiguity
24052,24024,43273.10889563185,False,queen_contiguity
24053,24054,18042.168993101903,False,queen_contiguity
24053,24014,11377.120157749698,False,queen_contiguity
24053,24057,12109.925620105458,False,queen_contiguity
24053,24039,18876.484053552227,False,queen_contiguity
24053,24038,13782.311661914136,False,queen_contiguity
24054,24057,21999.459131159867,False,queen_contiguity
24055,24032,31874.915167778177,False,queen_contiguity
24055,24011,51785.0074517417,False,queen_contiguity
24055,24009,24832.349906304116,False,queen_contiguity
24055,24030,31143.66873146905,False,queen_contiguity
24055,24028,44694.86214025921,False,queen_contiguity
24034,24041,27034.19219495038,False,queen_contiguity
24034,24040,38463.10161090707,False,queen_contiguity
24014,24012,15201.496204883331,False,queen_contiguity
24014,24039,15774.901285567359,False,queen_contiguity
24033,24025,66967.90488450912,False,queen_contiguity
24033,24015,64269.676601217194,False,queen_contiguity
24033,24006,78232.04836333099,False,queen_contiguity
24001,24028,39081.81727833626,False,queen_contiguity
24001,24022,35301.63197188621,False,queen_contiguity
24001,24021,25439.84610417183,False,queen_contiguity
24051,24056,14754.090283581054,False,queen_contiguity
24051,24008,50043.07305870833,False,queen_contiguity
24051,24035,48885.11495615344,False,queen_contiguity
24051,24028,54889.909056687524,False,queen_contiguity
24051,24017,49366.29966915759,False,queen_contiguity
24051,24047,69288.22885683565,False,queen_contiguity
24032,24043,13952.056239425909,False,queen_contiguity
24032,24011,48353.328318292435,False,queen_contiguity
24032,24024,62364.804624608936,False,queen_contiguity
24027,24024,48799.96572500969,False,queen_contiguity
24027,24023,42962.89808720126,False,queen_contiguity
24025,24015,76051.55668122138,False,queen_contiguity
24025,24022,51576.47917688755,False,queen_contiguity
24056,24028,49999.58404761291,False,queen_contiguity
24056,24022,41773.22694559663,False,queen_contiguity
24057,24038,14679.723850465985,False,queen_contiguity
24057,24037,12037.33044534516,False,queen_contiguity
24048,24007,33611.9751846587,False,queen_contiguity
24048,24006,33442.85777104125,False,queen_contiguity
24048,24047,55010.415814754306,False,queen_contiguity
24015,24006,52224.93464743931,False,queen_contiguity
24015,24047,44951.390704377234,False,queen_contiguity
24013,24041,53193.2792477374,False,queen_contiguity
24013,24040,36535.23661876302,False,queen_contiguity
24013,24058,57056.14645292967,False,queen_contiguity
24013,24036,38746.82965392854,False,queen_contiguity
24012,24041,18449.348477417523,False,queen_contiguity
24012,24039,22978.897690501537,False,queen_contiguity
24012,24026,13158.759831961039,False,queen_contiguity
24011,24030,33045.903663555495,False,queen_contiguity
24011,24024,20733.54336951842,False,queen_contiguity
24010,24008,62309.63192323349,False,queen_contiguity
24010,24058,39613.21087648567,False,queen_contiguity
24010,24036,72932.55325927358,False,queen_contiguity
24010,24024,67340.90946128112,False,queen_contiguity
24010,24017,83167.87644813674,False,queen_contiguity
24009,24035,12840.777206229608,False,queen_contiguity
24009,24028,22464.170453565057,False,queen_contiguity
24008,24030,38735.57196357435,False,queen_contiguity
24008,24017,51005.60318453056,False,queen_contiguity
24007,24006,54928.26685064976,False,queen_contiguity
24041,24040,45651.601262566095,False,queen_contiguity
24041,24026,11342.966274868098,False,queen_contiguity
24040,24016,27965.68894451441,False,queen_contiguity
24039,24038,16614.35780836504,False,queen_contiguity
24039,24029,25016.247991524197,False,queen_contiguity
24039,24026,11917.921962583952,False,queen_contiguity
24038,24037,21516.557829019283,False,queen_contiguity
24038,24029,14214.316269128747,False,queen_contiguity
24058,24036,66968.7287536856,False,queen_contiguity
24037,24029,26405.16910985257,False,queen_contiguity
24036,24031,41699.34343568413,False,queen_contiguity
24036,24023,31840.103730634088,False,queen_contiguity
24035,24028,11776.303872432272,False,queen_contiguity
24006,24047,64646.33227416512,False,queen_contiguity
24031,24023,36700.2337229205,False,queen_contiguity
24030,24024,53288.41784848138,False,queen_contiguity
24028,24022,60439.41711117492,False,queen_contiguity
24028,24021,21839.976839679704,False,queen_contiguity
24005,24024,40054.97458084849,False,queen_contiguity
24005,24023,21025.602645281277,False,queen_contiguity
24024,24023,49367.78234191893,False,queen_contiguity
24017,24047,62251.253011190594,False,queen_contiguity
